{"parent":"minecraft:item/generated","textures":{"layer0":"betteranimalsplus:items/fried_egg"
  },
  "overrides": [
    {
      "predicate": {
        "eatinganimation:eating": 1.0,
        "eatinganimation:eat": 0.15
      },
      "model": "eatinganimation:item/ba_fried_egg_eating_0"
    },
    {
      "predicate": {
        "eatinganimation:eating": 1.0,
        "eatinganimation:eat": 0.27
      },
      "model": "eatinganimation:item/ba_fried_egg_eating_1"
    },
    {
      "predicate": {
        "eatinganimation:eating": 1.0,
        "eatinganimation:eat": 0.4
      },
      "model": "eatinganimation:item/ba_fried_egg_eating_2"
    }
  ]
}