{
    "parent": "item/generated",
    "textures": {
        "layer0": "aquaculture:item/frog_legs_cooked"
  },
  "overrides": [
    {
      "predicate": {
        "eatinganimation:eating": 1.0,
        "eatinganimation:eat": 0.15
      },
      "model": "eatinganimation:item/aq_frog_legs_cooked_eating_0"
    },
    {
      "predicate": {
        "eatinganimation:eating": 1.0,
        "eatinganimation:eat": 0.27
      },
      "model": "eatinganimation:item/aq_frog_legs_cooked_eating_1"
    },
    {
      "predicate": {
        "eatinganimation:eating": 1.0,
        "eatinganimation:eat": 0.4
      },
      "model": "eatinganimation:item/aq_frog_legs_cooked_eating_2"
    }
  ]
}