{
  "parent": "item/generated",
  "textures": {
    "layer0": "alexsdelight:item/acacia_blossom_soup"
  },
  "overrides": [
    {
      "predicate": {
        "eatinganimation:eating": 1.0,
        "eatinganimation:eat": 0.35
      },
      "model": "eatinganimation:item/al_acacia_blossom_soup_eating_0"
    },
    {
      "predicate": {
        "eatinganimation:eating": 1.0,
        "eatinganimation:eat": 0.7
      },
      "model": "eatinganimation:item/al_acacia_blossom_soup_eating_1"
    },
    {
      "predicate": {
        "eatinganimation:eating": 1.0,
        "eatinganimation:eat": 0.9
      },
      "model": "eatinganimation:item/al_acacia_blossom_soup_eating_2"
    }
  ]
}