{
  "variants": {
    "facing=down": {
      "model": "ae2:block/crystal_resonance_generator",
      "x": 180
    },
    "facing=east": {
      "model": "ae2:block/crystal_resonance_generator",
      "x": 90,
      "y": 90
    },
    "facing=north": {
      "model": "ae2:block/crystal_resonance_generator",
      "x": 90
    },
    "facing=south": {
      "model": "ae2:block/crystal_resonance_generator",
      "x": 90,
      "y": 180
    },
    "facing=up": {
      "model": "ae2:block/crystal_resonance_generator",
      "x": 360
    },
    "facing=west": {
      "model": "ae2:block/crystal_resonance_generator",
      "x": 90,
      "y": 270
    }
  }
}