{
  "parent": "minecraft:item/generated",
  "textures": {
    "layer0": "bayou_blues:item/gooseberry_jam_cookie"
  },
  "overrides": [
    {
      "predicate": {
        "eatinganimation:eating": 1.0,
        "eatinganimation:eat": 0.15
      },
      "model": "eatinganimation:item/by_gooseberry_jam_cookie_eating_0"
    },
    {
      "predicate": {
        "eatinganimation:eating": 1.0,
        "eatinganimation:eat": 0.27
      },
      "model": "eatinganimation:item/by_gooseberry_jam_cookie_eating_1"
    },
    {
      "predicate": {
        "eatinganimation:eating": 1.0,
        "eatinganimation:eat": 0.4
      },
      "model": "eatinganimation:item/by_gooseberry_jam_cookie_eating_2"
    }
  ]
}