{
  "parent": "minecraft:item/generated",
  "textures": {
    "layer0": "bayou_blues:item/honey_glazed_gooseberries"
  },
  "overrides": [
    {
      "predicate": {
        "eatinganimation:eating": 1.0,
        "eatinganimation:eat": 0.35
      },
      "model": "eatinganimation:item/by_honey_glazed_gooseberries_eating_0"
    },
    {
      "predicate": {
        "eatinganimation:eating": 1.0,
        "eatinganimation:eat": 0.7
      },
      "model": "eatinganimation:item/by_honey_glazed_gooseberries_eating_1"
    },
    {
      "predicate": {
        "eatinganimation:eating": 1.0,
        "eatinganimation:eat": 0.9
      },
      "model": "eatinganimation:item/by_honey_glazed_gooseberries_eating_2"
    }
  ]
}