{
	"ambientocclusion": false,
	"textures": {
		"particle": "block/bamboo_large_leaves",
		"texture": "block/bamboo_large_leaves"
	},
	"elements": [
		{
			"from": [8, 0, -1],
			"to": [8, 16, 6],
			"shade": false,
			"rotation": {"angle": 0, "axis": "y", "origin": [8, 0, 8]},
			"faces": {
				"east": {"uv": [9, 0, 16, 16], "texture": "#texture", "tintindex": 0},
				"west": {"uv": [0, 0, 7, 16], "texture": "#texture", "tintindex": 0}
			}
		},
		{
			"from": [8, 0, 10],
			"to": [8, 16, 17],
			"shade": false,
			"rotation": {"angle": 0, "axis": "y", "origin": [8, 0, 8]},
			"faces": {
				"east": {"uv": [0, 0, 7, 16], "texture": "#texture", "tintindex": 0},
				"west": {"uv": [9, 0, 16, 16], "texture": "#texture", "tintindex": 0}
			}
		},
		{
			"from": [-1, 0, 8],
			"to": [6, 16, 8],
			"shade": false,
			"rotation": {"angle": 0, "axis": "y", "origin": [8, 0, 8]},
			"faces": {
				"north": {"uv": [9, 0, 16, 16], "texture": "#texture", "tintindex": 0},
				"south": {"uv": [0, 0, 7, 16], "texture": "#texture", "tintindex": 0}
			}
		},
		{
			"from": [10, 0, 8],
			"to": [17, 16, 8],
			"shade": false,
			"rotation": {"angle": 0, "axis": "y", "origin": [8, 0, 8]},
			"faces": {
				"north": {"uv": [0, 0, 7, 16], "texture": "#texture", "tintindex": 0},
				"south": {"uv": [9, 0, 16, 16], "texture": "#texture", "tintindex": 0}
			}
		}
	]
}