{
	"ambientocclusion": false,
	"textures": {
		"1": "block/bamboo_stalk_top",
		"particle": "block/bamboo_stalk",
		"all": "block/bamboo_stalk"
	},
	"elements": [
		{
			"from": [6, 0, 6],
			"to": [10, 16, 10],
			"faces": {
				"north": {"uv": [8, 0, 12, 16], "texture": "#all"},
				"east": {"uv": [8, 0, 12, 16], "texture": "#all"},
				"south": {"uv": [8, 0, 12, 16], "texture": "#all"},
				"west": {"uv": [8, 0, 12, 16], "texture": "#all"},
				"up": {"uv": [6, 4, 10, 8], "texture": "#1", "cullface": "up"},
				"down": {"uv": [6, 4, 10, 8], "texture": "#1", "cullface": "down"}
			}
		}
	]
}