{
	"textures": {
		"bar": "block/bell_wood",
		"particle": "block/bell_bottom"
	},
	"elements": [
		{
			"from": [7, 12, 7],
			"to": [9, 16, 9],
			"faces": {
				"north": {"uv": [7, 9, 9, 13], "texture": "#bar"},
				"east": {"uv": [7, 9, 9, 13], "texture": "#bar"},
				"south": {"uv": [7, 9, 9, 13], "texture": "#bar"},
				"west": {"uv": [7, 9, 9, 13], "texture": "#bar"},
				"up": {"uv": [7, 7, 9, 9], "texture": "#bar", "cullface": "up"},
				"down": {"uv": [7, 13, 9, 15], "texture": "#bar"}
			}
		}
	]
}