{
	"parent": "block/block",
	"textures": {
		"particle": "#texture"
	},
	"elements": [
		{
			"name": "Left post",
			"from": [13, 0, 6],
			"to": [17, 16, 10],
			"rotation": {"angle": 0, "axis": "y", "origin": [8, 10.5, 8]},
			"faces": {
				"north": {"uv": [6, 0, 10, 16], "texture": "#texture"},
				"east": {"uv": [6, 0, 10, 16], "texture": "#texture"},
				"south": {"uv": [6, 0, 10, 16], "texture": "#texture"},
				"west": {"uv": [6, 0, 10, 16], "texture": "#texture"},
				"up": {"uv": [0, 12, 4, 16], "rotation": 90, "texture": "#texture"},
				"down": {"uv": [12, 12, 16, 16], "rotation": 270, "texture": "#texture", "cullface": "down"}
			}
		},
		{
			"name": "Right post",
			"from": [-1, 0, 6],
			"to": [3, 16, 10],
			"rotation": {"angle": 0, "axis": "y", "origin": [8, 10.5, 8]},
			"faces": {
				"north": {"uv": [6, 0, 10, 16], "texture": "#texture"},
				"east": {"uv": [6, 0, 10, 16], "texture": "#texture"},
				"south": {"uv": [6, 0, 10, 16], "texture": "#texture"},
				"west": {"uv": [6, 0, 10, 16], "texture": "#texture"},
				"up": {"uv": [0, 12, 4, 16], "rotation": 90, "texture": "#texture"},
				"down": {"uv": [12, 12, 16, 16], "rotation": 270, "texture": "#texture", "cullface": "down"}
			}
		},
		{
			"name": "Top bar",
			"from": [8, 12, 7],
			"to": [13, 15, 9],
			"rotation": {"angle": 0, "axis": "y", "origin": [8, 10.5, 8]},
			"faces": {
				"north": {"uv": [11, 1, 16, 4], "texture": "#texture"},
				"south": {"uv": [0, 1, 5, 4], "texture": "#texture"},
				"up": {"uv": [0, 1, 5, 3], "texture": "#texture"}
			}
		},
		{
			"name": "Top bar",
			"from": [3, 12, 7],
			"to": [8, 15, 9],
			"rotation": {"angle": 0, "axis": "y", "origin": [8, 10.5, 8]},
			"faces": {
				"north": {"uv": [11, 1, 16, 4], "texture": "#texture"},
				"south": {"uv": [0, 1, 5, 4], "texture": "#texture"},
				"up": {"uv": [11, 1, 16, 3], "texture": "#texture"}
			}
		},
		{
			"name": "Top bar",
			"from": [8, 6, 7],
			"to": [13, 9, 9],
			"rotation": {"angle": 0, "axis": "y", "origin": [8, 10.5, 8]},
			"faces": {
				"north": {"uv": [11, 7, 16, 10], "texture": "#texture"},
				"south": {"uv": [0, 7, 5, 10], "texture": "#texture"},
				"down": {"uv": [11, 8, 16, 10], "texture": "#texture"}
			}
		},
		{
			"name": "Top bar",
			"from": [3, 6, 7],
			"to": [8, 9, 9],
			"rotation": {"angle": 0, "axis": "y", "origin": [8, 10.5, 8]},
			"faces": {
				"north": {"uv": [11, 7, 16, 10], "texture": "#texture"},
				"south": {"uv": [0, 7, 5, 10], "texture": "#texture"},
				"down": {"uv": [0, 7, 5, 9], "texture": "#texture"}
			}
		}
	],
	"display": {
		"thirdperson_righthand": {
			"translation": [0, 2.5, 0],
			"scale": [0.375, 0.375, 0.375]
		},
		"thirdperson_lefthand": {
			"translation": [0, 2.5, 0],
			"scale": [0.375, 0.375, 0.375]
		},
		"firstperson_righthand": {
			"rotation": [0, -45, 0],
			"scale": [0.4, 0.4, 0.4]
		},
		"firstperson_lefthand": {
			"rotation": [0, 135, 0],
			"scale": [0.4, 0.4, 0.4]
		},
		"ground": {
			"translation": [0, 3, 0],
			"scale": [0.25, 0.25, 0.25]
		},
		"gui": {
			"rotation": [30, 225, 0],
			"scale": [0.625, 0.625, 0.625]
		},
		"fixed": {
			"translation": [0, 0, -1],
			"scale": [0.5, 0.5, 0.5]
		}
	},
	"groups": [
		{
			"name": "group",
			"origin": [0, 0, 0],
			"color": 0,
			"children": [0, 1, 2, 3, 4, 5]
		}
	]
}