{
	"elements": [
		{
			"name": "top bar",
			"from": [7, 12, 0],
			"to": [9, 15, 6],
			"faces": {
				"east": {"uv": [10, 1, 16, 4], "texture": "#texture"},
				"west": {"uv": [0, 1, 6, 4], "texture": "#texture"},
				"up": {"uv": [0, 1, 6, 3], "rotation": 90, "texture": "#texture"}
			}
		},
		{
			"name": "top bar",
			"from": [7, 6, 0],
			"to": [9, 9, 6],
			"faces": {
				"east": {"uv": [10, 7, 16, 10], "texture": "#texture"},
				"west": {"uv": [0, 7, 6, 10], "texture": "#texture"},
				"down": {"uv": [0, 7, 6, 9], "rotation": 90, "texture": "#texture"}
			}
		}
	],
	"groups": [
		{
			"name": "north",
			"origin": [0, 0, 0],
			"color": 0,
			"children": [0, 1]
		}
	]
}