{
	"ambientocclusion": false,
	"textures": {
		"1": "block/lily_pad_tail",
		"particle": "block/lily_pad",
		"texture": "block/lily_pad"
	},
	"elements": [
		{
			"from": [0, 0.25, 0],
			"to": [16, 0.25, 16],
			"shade": false,
			"faces": {
				"up": {"uv": [0, 0, 16, 16], "texture": "#texture"},
				"down": {"uv": [0, 16, 16, 0], "texture": "#texture"}
			}
		},
		{
			"name": "tail",
			"from": [0, -15.75, 8],
			"to": [16, 0.25, 8],
			"shade": false,
			"rotation": {"angle": 45, "axis": "y", "origin": [8, 0.25, 8]},
			"faces": {
				"north": {"uv": [0, 0, 16, 16], "texture": "#1"},
				"south": {"uv": [0, 0, 16, 16], "texture": "#1"}
			}
		},
		{
			"name": "tail",
			"from": [0, -15.75, 8],
			"to": [16, 0.25, 8],
			"shade": false,
			"rotation": {"angle": -45, "axis": "y", "origin": [8, 0.25, 8]},
			"faces": {
				"north": {"uv": [0, 0, 16, 16], "texture": "#1"},
				"south": {"uv": [0, 0, 16, 16], "texture": "#1"}
			}
		}
	]
}