{
	"parent": "block/block",
	"ambientocclusion": false,
	"textures": {
		"particle": "block/mangrove_roots_side",
		"side": "block/mangrove_roots_side",
		"top": "block/mangrove_roots_top"
	},
	"elements": [
		{
			"from": [0, 0, 0],
			"to": [16, 16, 16],
			"faces": {
				"north": {"uv": [0, 0, 16, 16], "texture": "#side", "cullface": "north"},
				"east": {"uv": [0, 0, 16, 16], "texture": "#side", "cullface": "east"},
				"south": {"uv": [0, 0, 16, 16], "texture": "#side", "cullface": "south"},
				"west": {"uv": [0, 0, 16, 16], "texture": "#side", "cullface": "west"},
				"up": {"uv": [0, 0, 16, 16], "texture": "#top", "cullface": "up"},
				"down": {"uv": [0, 0, 16, 16], "texture": "#top", "cullface": "down"}
			}
		},
		{
			"from": [15.99, 15.99, 15.99],
			"to": [0.01, 0.01, 0.01],
			"faces": {
				"north": {"uv": [0, 16, 16, 0], "texture": "#side", "cullface": "south"},
				"east": {"uv": [0, 16, 16, 0], "texture": "#side", "cullface": "west"},
				"south": {"uv": [0, 16, 16, 0], "texture": "#side", "cullface": "north"},
				"west": {"uv": [0, 16, 16, 0], "texture": "#side", "cullface": "east"},
				"up": {"uv": [16, 0, 0, 16], "texture": "#top", "cullface": "down"},
				"down": {"uv": [16, 0, 0, 16], "texture": "#top", "cullface": "up"}
			}
		},
		{
			"from": [0, 0, 8],
			"to": [16, 16, 8],
			"shade": false,
			"rotation": {"angle": 45, "axis": "y", "origin": [8, 0, 8], "rescale": true},
			"faces": {
				"north": {"uv": [0, 0, 16, 16], "texture": "#side"},
				"south": {"uv": [0, 0, 16, 16], "texture": "#side"}
			}
		},
		{
			"from": [8, 0, 0],
			"to": [8, 16, 16],
			"shade": false,
			"rotation": {"angle": 45, "axis": "y", "origin": [8, 0, 8], "rescale": true},
			"faces": {
				"east": {"uv": [0, 0, 16, 16], "texture": "#side"},
				"west": {"uv": [0, 0, 16, 16], "texture": "#side"}
			}
		}
	]
}