{
	"ambientocclusion": false,
	"textures": {
		"particle": "block/pink_petals",
		"flowerbed": "block/pink_petals",
		"stem": "block/pink_petals_stem"
	},
	"elements": [
		{
			"from": [8, 2, 0],
			"to": [16, 2, 8],
			"shade": false,
			"faces": {
				"up": {"uv": [8, 0, 16, 8], "texture": "#flowerbed"},
				"down": {"uv": [8, 8, 16, 0], "texture": "#flowerbed"}
			}
		},
		{
			"from": [11.5, 0, 2],
			"to": [11.5, 2, 5],
			"shade": false,
			"rotation": {"angle": -45, "axis": "y", "origin": [11.5, 1, 3.5], "rescale": true},
			"faces": {
				"east": {"uv": [0, 4, 3, 6], "texture": "#stem", "tintindex": 1},
				"west": {"uv": [0, 4, 3, 6], "texture": "#stem", "tintindex": 1}
			}
		},
		{
			"from": [11.5, 0, 2],
			"to": [11.5, 2, 5],
			"shade": false,
			"rotation": {"angle": 45, "axis": "y", "origin": [11.5, 1, 3.5], "rescale": true},
			"faces": {
				"east": {"uv": [0, 4, 3, 6], "texture": "#stem", "tintindex": 1},
				"west": {"uv": [0, 4, 3, 6], "texture": "#stem", "tintindex": 1}
			}
		}
	]
}