{
  "parent": "minecraft:item/generated",
  "textures": {
    "layer0": "delightful:item/prickly_pear_juice"
  },
  "overrides": [
    {
      "predicate": {
        "eatinganimation:drinking": 1.0,
        "eatinganimation:drink": 0.35
      },
      "model": "eatinganimation:item/dl_prickly_pear_juice_eating_0"
    },
    {
      "predicate": {
        "eatinganimation:drinking": 1.0,
        "eatinganimation:drink": 0.7
      },
      "model": "eatinganimation:item/dl_prickly_pear_juice_eating_1"
    },
    {
      "predicate": {
        "eatinganimation:drinking": 1.0,
        "eatinganimation:drink": 0.9
      },
      "model": "eatinganimation:item/dl_prickly_pear_juice_eating_2"
    }
  ]
}