{
	"textures": {
		"bar": "block/bell_wood",
		"particle": "block/bell_bottom"
	},
	"elements": [
		{
			"from": [3, 13, 7],
			"to": [16, 15, 9],
			"faces": {
				"north": {"uv": [0, 2, 13, 4], "texture": "#bar"},
				"east": {"uv": [14, 2, 16, 4], "texture": "#bar", "cullface": "east"},
				"south": {"uv": [0, 2, 13, 4], "texture": "#bar"},
				"west": {"uv": [14, 2, 16, 4], "texture": "#bar"},
				"up": {"uv": [0, 0, 13, 2], "texture": "#bar"},
				"down": {"uv": [0, 4, 13, 6], "texture": "#bar"}
			}
		}
	]
}