{
	"ambientocclusion": false,
	"textures": {
		"particle": "block/chorus_plant",
		"texture": "block/chorus_plant"
	},
	"elements": [
		{
			"from": [3, 3, 0],
			"to": [13, 13, 4],
			"faces": {
				"north": {"uv": [3, 3, 13, 13], "texture": "#texture", "cullface": "north"},
				"east": {"uv": [12, 3, 16, 13], "texture": "#texture"},
				"west": {"uv": [0, 3, 4, 13], "texture": "#texture"},
				"up": {"uv": [3, 0, 13, 4], "texture": "#texture"},
				"down": {"uv": [3, 12, 13, 16], "texture": "#texture"}
			}
		}
	]
}