{
	"parent": "minecraft:block/template_farmland",
	"textures": {
		"2": "block/farmland_moist_side",
		"dirt": "block/dirt",
		"top": "block/farmland_moist",
		"particle": "block/farmland_moist_side"
	},
	"elements": [
		{
			"from": [0, 0, 0],
			"to": [16, 15, 16],
			"faces": {
				"north": {"uv": [0, 1, 16, 16], "texture": "#2", "cullface": "north"},
				"east": {"uv": [0, 1, 16, 16], "texture": "#2", "cullface": "east"},
				"south": {"uv": [0, 1, 16, 16], "texture": "#2", "cullface": "south"},
				"west": {"uv": [0, 1, 16, 16], "texture": "#2", "cullface": "west"},
				"up": {"uv": [0, 0, 16, 16], "texture": "#top"},
				"down": {"uv": [0, 0, 16, 16], "texture": "#dirt", "cullface": "down"}
			}
		}
	]
}