{
	"ambientocclusion": false,
	"textures": {
		"particle": "block/mangrove_propagule",
		"sapling": "block/mangrove_propagule"
	},
	"elements": [
		{
			"name": "cross",
			"from": [8, 0, 0],
			"to": [8, 16, 16],
			"shade": false,
			"rotation": {"angle": 45, "axis": "y", "origin": [8, 0, 8], "rescale": true},
			"faces": {
				"east": {"uv": [0, 0, 16, 16], "texture": "#sapling"},
				"west": {"uv": [0, 0, 16, 16], "texture": "#sapling"}
			}
		},
		{
			"name": "cross",
			"from": [0, 0, 8],
			"to": [16, 16, 8],
			"shade": false,
			"rotation": {"angle": 45, "axis": "y", "origin": [8, 0, 8], "rescale": true},
			"faces": {
				"north": {"uv": [0, 0, 16, 16], "texture": "#sapling"},
				"south": {"uv": [0, 0, 16, 16], "texture": "#sapling"}
			}
		}
	]
}