{
    "parent": "item/generated",
    "textures": {
        "layer0": "atmospheric:item/passionfruit_sorbet"
  },
  "overrides": [
    {
      "predicate": {
        "eatinganimation:eating": 1.0,
        "eatinganimation:eat": 0.35
      },
      "model": "eatinganimation:item/at_passionfruit_sorbet_eating_0"
    },
    {
      "predicate": {
        "eatinganimation:eating": 1.0,
        "eatinganimation:eat": 0.7
      },
      "model": "eatinganimation:item/at_passionfruit_sorbet_eating_1"
    },
    {
      "predicate": {
        "eatinganimation:eating": 1.0,
        "eatinganimation:eat": 0.9
      },
      "model": "eatinganimation:item/at_passionfruit_sorbet_eating_2"
    }
  ]
}