{
    "parent": "item/generated",
    "textures": {
        "layer0": "atmospheric:item/roasted_yucca_fruit"
  },
  "overrides": [
    {
      "predicate": {
        "eatinganimation:eating": 1.0,
        "eatinganimation:eat": 0.35
      },
      "model": "eatinganimation:item/at_roasted_yucca_fruit_eating_0"
    },
    {
      "predicate": {
        "eatinganimation:eating": 1.0,
        "eatinganimation:eat": 0.7
      },
      "model": "eatinganimation:item/at_roasted_yucca_fruit_eating_1"
    },
    {
      "predicate": {
        "eatinganimation:eating": 1.0,
        "eatinganimation:eat": 0.9
      },
      "model": "eatinganimation:item/at_roasted_yucca_fruit_eating_2"
    }
  ]
}