{
    "parent": "item/generated",
    "textures": {
        "layer0": "atmospheric:item/shimmering_passionfruit"
  },
  "overrides": [
    {
      "predicate": {
        "eatinganimation:eating": 1.0,
        "eatinganimation:eat": 0.15
      },
      "model": "eatinganimation:item/at_shimmering_passionfruit_eating_0"
    },
    {
      "predicate": {
        "eatinganimation:eating": 1.0,
        "eatinganimation:eat": 0.27
      },
      "model": "eatinganimation:item/at_shimmering_passionfruit_eating_1"
    },
    {
      "predicate": {
        "eatinganimation:eating": 1.0,
        "eatinganimation:eat": 0.4
      },
      "model": "eatinganimation:item/at_shimmering_passionfruit_eating_2"
    }
  ]
}