{
  "multipart": [
    {
      "apply": {
        "model": "biomesoplenty:block/redwood_fence_post"
      }
    },
    {
      "apply": {
        "model": "biomesoplenty:block/redwood_fence_side"
      },
      "when": {
        "north": "true"
      }
    },
    {
      "apply": {
        "model": "biomesoplenty:block/redwood_fence_side",
        "y": 90
      },
      "when": {
        "east": "true"
      }
    },
    {
      "apply": {
        "model": "biomesoplenty:block/redwood_fence_side",
        "y": 180
      },
      "when": {
        "south": "true"
      }
    },
    {
      "apply": {
        "model": "biomesoplenty:block/redwood_fence_side",
        "y": 270
      },
      "when": {
        "west": "true"
      }
    }
  ]
}