{
	"credit": "Made with Blockbench",
	"parent": "block/block",
	"ambientocclusion": false,
	"textures": {
		"0": "advanced_ae:block/crafting/quantum_core",
		"3": "advanced_ae:block/crafting/quantum_core_out",
		"particle": "advanced_ae:block/crafting/quantum_core_out"
	},
	"elements": [
		{
			"name": "base",
			"from": [0, 0, 0],
			"to": [16, 1, 16],
			"rotation": { "angle": 0, "axis": "y", "origin": [7, 0, 7] },
			"faces": {
				"north": { "uv": [0, 15, 16, 16], "texture": "#0" },
				"east": { "uv": [0, 15, 16, 16], "texture": "#0" },
				"south": { "uv": [0, 15, 16, 16], "texture": "#0" },
				"west": { "uv": [0, 15, 16, 16], "texture": "#0" },
				"up": { "uv": [0, 2, 1, 3], "texture": "#0" },
				"down": { "uv": [0, 0, 16, 16], "texture": "#3" }
			}
		},
		{
			"name": "top",
			"from": [0, 15, 0],
			"to": [16, 16, 16],
			"rotation": { "angle": 0, "axis": "y", "origin": [7, 15, 7] },
			"faces": {
				"north": { "uv": [0, 0, 16, 1], "texture": "#0" },
				"east": { "uv": [0, 0, 16, 1], "texture": "#0" },
				"south": { "uv": [0, 0, 16, 1], "texture": "#0" },
				"west": { "uv": [0, 0, 16, 1], "texture": "#0" },
				"up": { "uv": [0, 0, 16, 16], "texture": "#3" },
				"down": { "uv": [0, 2, 1, 3], "texture": "#0" }
			}
		},
		{
			"from": [0, 14, 1],
			"to": [1, 15, 15],
			"rotation": { "angle": 0, "axis": "y", "origin": [7, 14, 9] },
			"faces": {
				"north": { "uv": [0, 0, 1, 1], "texture": "#missing" },
				"east": { "uv": [0, 2, 1, 3], "rotation": 90, "texture": "#0" },
				"south": { "uv": [0, 0, 1, 1], "texture": "#missing" },
				"west": { "uv": [1, 1, 15, 2], "texture": "#0" },
				"up": { "uv": [0, 0, 14, 1], "rotation": 270, "texture": "#missing" },
				"down": { "uv": [1, 14, 15, 15], "rotation": 90, "texture": "#0" }
			}
		},
		{
			"from": [0, 14, 15],
			"to": [16, 15, 16],
			"rotation": { "angle": 0, "axis": "y", "origin": [9, 14, 9] },
			"faces": {
				"north": { "uv": [0, 2, 1, 3], "texture": "#0" },
				"east": { "uv": [0, 1, 1, 2], "texture": "#0" },
				"south": { "uv": [0, 1, 16, 2], "texture": "#0" },
				"west": { "uv": [15, 1, 16, 2], "texture": "#0" },
				"up": { "uv": [0, 0, 16, 1], "rotation": 180, "texture": "#missing" },
				"down": { "uv": [0, 1, 16, 2], "rotation": 180, "texture": "#0" }
			}
		},
		{
			"from": [15, 14, 1],
			"to": [16, 15, 15],
			"rotation": { "angle": 0, "axis": "y", "origin": [9, 14, 7] },
			"faces": {
				"north": { "uv": [0, 0, 1, 1], "texture": "#missing" },
				"east": { "uv": [1, 1, 15, 2], "texture": "#0" },
				"south": { "uv": [0, 0, 1, 1], "texture": "#missing" },
				"west": { "uv": [0, 2, 1, 3], "rotation": 90, "texture": "#0" },
				"up": { "uv": [0, 0, 14, 1], "rotation": 90, "texture": "#missing" },
				"down": { "uv": [1, 14, 15, 15], "rotation": 270, "texture": "#0" }
			}
		},
		{
			"from": [0, 14, 0],
			"to": [16, 15, 1],
			"rotation": { "angle": 0, "axis": "y", "origin": [7, 14, 7] },
			"faces": {
				"north": { "uv": [0, 1, 16, 2], "texture": "#0" },
				"east": { "uv": [15, 1, 16, 2], "texture": "#0" },
				"south": { "uv": [0, 2, 1, 3], "texture": "#0" },
				"west": { "uv": [0, 1, 1, 2], "texture": "#0" },
				"up": { "uv": [0, 0, 16, 1], "texture": "#missing" },
				"down": { "uv": [0, 14, 16, 15], "texture": "#0" }
			}
		},
		{
			"from": [0, 1, 1],
			"to": [1, 2, 15],
			"rotation": { "angle": 0, "axis": "y", "origin": [7, 1, 9] },
			"faces": {
				"north": { "uv": [0, 0, 1, 1], "texture": "#missing" },
				"east": { "uv": [0, 2, 1, 3], "rotation": 90, "texture": "#0" },
				"south": { "uv": [0, 0, 1, 1], "texture": "#missing" },
				"west": { "uv": [1, 14, 15, 15], "texture": "#0" },
				"up": { "uv": [1, 14, 15, 15], "rotation": 270, "texture": "#0" },
				"down": { "uv": [0, 0, 14, 1], "rotation": 90, "texture": "#missing" }
			}
		},
		{
			"from": [0, 1, 15],
			"to": [16, 2, 16],
			"rotation": { "angle": 0, "axis": "y", "origin": [9, 1, 9] },
			"faces": {
				"north": { "uv": [0, 2, 1, 3], "texture": "#0" },
				"east": { "uv": [0, 14, 1, 15], "texture": "#0" },
				"south": { "uv": [0, 1, 16, 2], "texture": "#0" },
				"west": { "uv": [15, 14, 16, 15], "texture": "#0" },
				"up": { "uv": [0, 14, 16, 15], "rotation": 180, "texture": "#0" },
				"down": { "uv": [0, 0, 16, 1], "rotation": 180, "texture": "#missing" }
			}
		},
		{
			"from": [15, 1, 1],
			"to": [16, 2, 15],
			"rotation": { "angle": 0, "axis": "y", "origin": [9, 1, 7] },
			"faces": {
				"north": { "uv": [0, 0, 1, 1], "texture": "#missing" },
				"east": { "uv": [1, 14, 15, 15], "texture": "#0" },
				"south": { "uv": [0, 0, 1, 1], "texture": "#missing" },
				"west": { "uv": [0, 2, 1, 3], "rotation": 90, "texture": "#0" },
				"up": { "uv": [1, 1, 15, 2], "rotation": 90, "texture": "#0" },
				"down": { "uv": [0, 0, 14, 1], "rotation": 270, "texture": "#missing" }
			}
		},
		{
			"from": [0, 1, 0],
			"to": [16, 2, 1],
			"rotation": { "angle": 0, "axis": "y", "origin": [7, 1, 7] },
			"faces": {
				"north": { "uv": [0, 14, 16, 15], "texture": "#0" },
				"east": { "uv": [15, 14, 16, 15], "texture": "#0" },
				"south": { "uv": [0, 2, 1, 3], "texture": "#0" },
				"west": { "uv": [0, 14, 1, 15], "texture": "#0" },
				"up": { "uv": [0, 1, 16, 2], "texture": "#0" },
				"down": { "uv": [0, 0, 16, 1], "texture": "#missing" }
			}
		},
		{
			"name": "core",
			"from": [2.5, 2.5, 2.5],
			"to": [13.5, 13.5, 13.5],
			"rotation": { "angle": 0, "axis": "y", "origin": [8, 8.5, 8] },
			"faces": {
				"north": { "uv": [15, 13, 16, 14], "texture": "#0" },
				"east": { "uv": [15, 13, 16, 14], "texture": "#0" },
				"south": { "uv": [15, 13, 16, 14], "texture": "#0" },
				"west": { "uv": [15, 13, 16, 14], "texture": "#0" },
				"up": { "uv": [15, 13, 16, 14], "texture": "#0" },
				"down": { "uv": [15, 13, 16, 14], "texture": "#0" }
			}
		}
	],
	"groups": [
		0,
		1,
		{
			"name": "top_edge",
			"origin": [7, 14, 7],
			"color": 0,
			"children": [2, 3, 4, 5]
		},
		{
			"name": "bottom_edge",
			"origin": [7, 14, 7],
			"color": 0,
			"children": [6, 7, 8, 9]
		},
		10
	]
}
