{
  "parent": "item/generated",
  "textures": {
    "layer0": "dracovitadelight:items/tribull_meat_slice"
  },
  "overrides": [
    {
      "predicate": {
        "eatinganimation:eating": 1.0,
        "eatinganimation:eat": 0.35
      },
      "model": "eatinganimation:item/dd_tribull_meat_slice_eating_0"
    },
    {
      "predicate": {
        "eatinganimation:eating": 1.0,
        "eatinganimation:eat": 0.7
      },
      "model": "eatinganimation:item/dd_tribull_meat_slice_eating_1"
    },
    {
      "predicate": {
        "eatinganimation:eating": 1.0,
        "eatinganimation:eat": 0.9
      },
      "model": "eatinganimation:item/dd_tribull_meat_slice_eating_2"
    }
  ]
}