{
	"credit": "Made with Blockbench",
	"parent": "block/block",
	"ambientocclusion": false,
	"render_type": "cutout",
	"textures": {
		"1": "advanced_ae:block/reaction_chamber_bottom",
		"3": "advanced_ae:block/reaction_chamber_top",
		"4": "advanced_ae:block/reaction_chamber_details",
		"5": "advanced_ae:block/reaction_chamber_sides",
		"particle": "advanced_ae:block/reaction_chamber_sides"
	},
	"elements": [
		{
			"name": "bottom",
			"from": [0, 0, 0],
			"to": [16, 1, 16],
			"rotation": { "angle": 0, "axis": "y", "origin": [8, 8, 8] },
			"faces": {
				"north": { "uv": [0, 15, 16, 16], "texture": "#5" },
				"east": { "uv": [0, 15, 16, 16], "texture": "#5" },
				"south": { "uv": [0, 15, 16, 16], "texture": "#5" },
				"west": { "uv": [0, 15, 16, 16], "texture": "#5" },
				"up": { "uv": [16, 16, 0, 0], "texture": "#1" },
				"down": { "uv": [16, 0, 0, 16], "texture": "#1" }
			}
		},
		{
			"from": [1, 10, 1],
			"to": [15, 15, 1],
			"rotation": { "angle": 0, "axis": "y", "origin": [0, 11, 0] },
			"faces": {
				"north": { "uv": [1, 11, 15, 16], "texture": "#4" },
				"east": { "uv": [0, 0, 0, 0], "texture": "#missing" },
				"south": { "uv": [1, 11, 15, 16], "texture": "#4" },
				"west": { "uv": [0, 0, 0, 0], "texture": "#missing" },
				"up": { "uv": [0, 0, 0, 0], "texture": "#missing", "cullface": "up" },
				"down": {
					"uv": [0, 0, 0, 0],
					"texture": "#missing",
					"cullface": "down"
				}
			}
		},
		{
			"from": [15, 10, 1],
			"to": [15, 15, 15],
			"rotation": { "angle": 0, "axis": "y", "origin": [16, 11, 0] },
			"faces": {
				"north": { "uv": [0, 0, 0, 0], "texture": "#missing" },
				"east": { "uv": [1, 11, 15, 16], "texture": "#4" },
				"south": { "uv": [0, 0, 0, 0], "texture": "#missing" },
				"west": { "uv": [1, 11, 15, 16], "texture": "#4" },
				"up": { "uv": [0, 0, 0, 0], "texture": "#missing" },
				"down": { "uv": [0, 0, 0, 0], "texture": "#missing" }
			}
		},
		{
			"from": [1, 10, 15],
			"to": [15, 15, 15],
			"rotation": { "angle": 0, "axis": "y", "origin": [0, 11, 15] },
			"faces": {
				"north": {
					"uv": [1, 11, 15, 16],
					"texture": "#4",
					"cullface": "north"
				},
				"east": { "uv": [0, 0, 0, 0], "texture": "#missing" },
				"south": {
					"uv": [1, 11, 15, 16],
					"texture": "#4",
					"cullface": "south"
				},
				"west": { "uv": [0, 0, 0, 0], "texture": "#missing" },
				"up": { "uv": [0, 0, 0, 0], "texture": "#missing" },
				"down": { "uv": [0, 0, 0, 0], "texture": "#missing" }
			}
		},
		{
			"from": [1, 10, 1],
			"to": [1, 15, 15],
			"rotation": { "angle": 0, "axis": "y", "origin": [1, 11, 0] },
			"faces": {
				"north": { "uv": [0, 0, 0, 0], "texture": "#missing" },
				"east": { "uv": [1, 11, 15, 16], "texture": "#4" },
				"south": { "uv": [0, 0, 0, 0], "texture": "#missing" },
				"west": { "uv": [1, 11, 15, 16], "texture": "#4" },
				"up": { "uv": [0, 0, 0, 0], "texture": "#missing" },
				"down": { "uv": [0, 0, 0, 0], "texture": "#missing" }
			}
		},
		{
			"from": [6, 14, 2],
			"to": [10, 16, 6],
			"rotation": { "angle": 0, "axis": "y", "origin": [9, 15, 3] },
			"faces": {
				"north": { "uv": [0, 0, 16, 1], "texture": "#1" },
				"east": { "uv": [0, 0, 16, 1], "texture": "#1" },
				"south": { "uv": [0, 0, 16, 1], "texture": "#1" },
				"west": { "uv": [0, 0, 16, 1], "texture": "#1" },
				"up": { "uv": [6, 2, 10, 6], "texture": "#3" },
				"down": { "uv": [6, 2, 10, 6], "texture": "#3" }
			}
		},
		{
			"from": [2, 14, 6],
			"to": [14, 16, 10],
			"rotation": { "angle": 0, "axis": "y", "origin": [9, 15, 7] },
			"faces": {
				"north": { "uv": [0, 0, 16, 1], "texture": "#1" },
				"east": { "uv": [0, 0, 16, 1], "texture": "#1" },
				"south": { "uv": [0, 0, 16, 1], "texture": "#1" },
				"west": { "uv": [0, 0, 16, 1], "texture": "#1" },
				"up": { "uv": [2, 6, 14, 10], "texture": "#3" },
				"down": { "uv": [2, 6, 14, 10], "texture": "#3" }
			}
		},
		{
			"from": [6, 14, 10],
			"to": [10, 16, 14],
			"rotation": { "angle": 0, "axis": "y", "origin": [9, 15, 11] },
			"faces": {
				"north": { "uv": [0, 0, 16, 1], "texture": "#1" },
				"east": { "uv": [0, 0, 16, 1], "texture": "#1" },
				"south": { "uv": [0, 0, 16, 1], "texture": "#1" },
				"west": { "uv": [0, 0, 16, 1], "texture": "#1" },
				"up": { "uv": [6, 10, 10, 14], "texture": "#3" },
				"down": { "uv": [6, 10, 10, 14], "texture": "#3" }
			}
		},
		{
			"from": [14, 14, 0],
			"to": [16, 16, 16],
			"rotation": { "angle": 0, "axis": "y", "origin": [21, 15, 7] },
			"faces": {
				"north": { "uv": [0, 0, 2, 2], "texture": "#1" },
				"east": { "uv": [0, 0, 16, 2], "texture": "#5" },
				"south": { "uv": [14, 0, 16, 2], "texture": "#1" },
				"west": { "uv": [0, 0, 16, 1], "texture": "#1" },
				"up": { "uv": [14, 0, 16, 16], "texture": "#3" },
				"down": { "uv": [14, 0, 16, 16], "texture": "#3" }
			}
		},
		{
			"from": [2, 14, 14],
			"to": [14, 16, 16],
			"rotation": { "angle": 0, "axis": "y", "origin": [8, 15.5, 15] },
			"faces": {
				"north": { "uv": [0, 0, 16, 1], "texture": "#1" },
				"east": { "uv": [0, 0, 16, 1], "texture": "#1" },
				"south": { "uv": [2, 0, 14, 2], "texture": "#5" },
				"west": { "uv": [0, 0, 16, 1], "texture": "#1" },
				"up": { "uv": [2, 14, 14, 16], "texture": "#3" },
				"down": { "uv": [14, 2, 16, 14], "rotation": 270, "texture": "#3" }
			}
		},
		{
			"from": [0, 14, 0],
			"to": [2, 16, 16],
			"rotation": { "angle": 0, "axis": "y", "origin": [7, 15, 7] },
			"faces": {
				"north": { "uv": [14, 0, 16, 2], "texture": "#1" },
				"east": { "uv": [0, 0, 16, 1], "texture": "#1" },
				"south": { "uv": [0, 0, 2, 2], "texture": "#1" },
				"west": { "uv": [0, 0, 16, 2], "texture": "#5" },
				"up": { "uv": [0, 0, 2, 16], "texture": "#3" },
				"down": { "uv": [0, 0, 2, 16], "texture": "#3" }
			}
		},
		{
			"from": [2, 14, 0],
			"to": [14, 16, 2],
			"rotation": { "angle": 0, "axis": "y", "origin": [8, 15.5, 1] },
			"faces": {
				"north": { "uv": [2, 0, 14, 2], "texture": "#5" },
				"east": { "uv": [0, 0, 16, 1], "texture": "#1" },
				"south": { "uv": [0, 0, 16, 1], "texture": "#1" },
				"west": { "uv": [0, 0, 16, 1], "texture": "#1" },
				"up": { "uv": [2, 0, 14, 2], "texture": "#3" },
				"down": { "uv": [0, 2, 2, 14], "rotation": 270, "texture": "#3" }
			}
		},
		{
			"name": "rod",
			"from": [7.5, 1, 7.5],
			"to": [8.5, 15, 8.5],
			"rotation": { "angle": 0, "axis": "y", "origin": [8, 8, 8.5] },
			"faces": {
				"north": { "uv": [15, 1, 16, 15], "rotation": 180, "texture": "#4" },
				"east": { "uv": [15, 1, 16, 15], "rotation": 180, "texture": "#4" },
				"south": { "uv": [15, 1, 16, 15], "rotation": 180, "texture": "#4" },
				"west": { "uv": [15, 1, 16, 15], "rotation": 180, "texture": "#4" }
			}
		},
		{
			"from": [0, 1, 0],
			"to": [2, 14, 2],
			"rotation": { "angle": 0, "axis": "y", "origin": [0.5, 8, 0.5] },
			"faces": {
				"north": { "uv": [14, 1, 16, 15], "texture": "#5" },
				"east": { "uv": [0, 0, 0.5, 7], "texture": "#5" },
				"south": { "uv": [0, 0, 1, 16], "texture": "#5" },
				"west": { "uv": [0, 1, 2, 15], "texture": "#5" },
				"down": { "uv": [0, 0, 0.5, 0.5], "texture": "#5" }
			}
		},
		{
			"from": [0, 1, 14],
			"to": [2, 14, 16],
			"rotation": { "angle": 0, "axis": "y", "origin": [-1, 10, 14] },
			"faces": {
				"north": { "uv": [0, 0, 1, 16], "texture": "#5" },
				"east": { "uv": [0, 0, 1, 16], "texture": "#5" },
				"south": { "uv": [0, 1, 2, 15], "texture": "#5" },
				"west": { "uv": [14, 1, 16, 15], "texture": "#5" },
				"down": { "uv": [0, 0, 0.5, 0.5], "texture": "#5" }
			}
		},
		{
			"from": [14, 1, 14],
			"to": [16, 14, 16],
			"rotation": { "angle": 0, "axis": "y", "origin": [13, 10, 14] },
			"faces": {
				"north": { "uv": [0, 0, 1, 16], "texture": "#5" },
				"east": { "uv": [0, 1, 2, 15], "texture": "#5" },
				"south": { "uv": [14, 1, 16, 15], "texture": "#5" },
				"west": { "uv": [0, 0, 1, 16], "texture": "#5" },
				"down": { "uv": [0, 0, 0.5, 0.5], "texture": "#5" }
			}
		},
		{
			"from": [14, 1, 0],
			"to": [16, 14, 2],
			"rotation": { "angle": 0, "axis": "y", "origin": [13, 10, 0] },
			"faces": {
				"north": { "uv": [0, 1, 2, 15], "texture": "#5" },
				"east": { "uv": [14, 1, 16, 15], "texture": "#5" },
				"south": { "uv": [0, 0, 1, 16], "texture": "#5" },
				"west": { "uv": [0, 0, 0.5, 7], "texture": "#5" },
				"down": { "uv": [0, 0, 0.5, 0.5], "texture": "#5" }
			}
		},
		{
			"from": [12, 1, 14],
			"to": [14, 10, 16],
			"rotation": { "angle": 0, "axis": "y", "origin": [8, 5, 22] },
			"faces": {
				"north": { "uv": [2, 6, 4, 15], "texture": "#5" },
				"south": { "uv": [12, 6, 14, 15], "texture": "#5" },
				"west": { "uv": [2, 0, 3, 9], "texture": "#4" },
				"up": { "uv": [0, 1, 1, 3], "rotation": 90, "texture": "#4" }
			}
		},
		{
			"from": [4, 1, 14],
			"to": [12, 4, 16],
			"rotation": { "angle": 0, "axis": "y", "origin": [8, 5, 22] },
			"faces": {
				"north": { "uv": [4, 12, 12, 15], "texture": "#5" },
				"south": { "uv": [4, 12, 12, 15], "texture": "#5" },
				"up": { "uv": [2, 0, 3, 8], "rotation": 90, "texture": "#4" }
			}
		},
		{
			"from": [5, 5, 14],
			"to": [11, 10, 16],
			"rotation": { "angle": 0, "axis": "y", "origin": [8, 5, 22] },
			"faces": {
				"north": { "uv": [5, 6, 11, 11], "texture": "#5" },
				"east": { "uv": [2, 0, 3, 5], "texture": "#4" },
				"south": { "uv": [5, 6, 11, 11], "texture": "#5" },
				"west": { "uv": [2, 0, 3, 5], "texture": "#4" },
				"up": { "uv": [0, 3, 2, 9], "rotation": 90, "texture": "#4" },
				"down": { "uv": [0, 0, 1, 6], "rotation": 270, "texture": "#4" }
			}
		},
		{
			"from": [6, 4, 14],
			"to": [10, 5, 16],
			"rotation": { "angle": 0, "axis": "y", "origin": [8, 5, 22] },
			"faces": {
				"north": { "uv": [6, 11, 10, 12], "texture": "#5" },
				"east": { "uv": [0, 0, 1, 1], "texture": "#4" },
				"south": { "uv": [6, 11, 10, 12], "texture": "#5" },
				"west": { "uv": [0, 0, 1, 1], "texture": "#4" },
				"up": { "uv": [0, 0, 1, 4], "rotation": 90, "texture": "#missing" },
				"down": { "uv": [0, 0, 1, 4], "rotation": 270, "texture": "#missing" }
			}
		},
		{
			"from": [2, 1, 14],
			"to": [4, 10, 16],
			"rotation": { "angle": 0, "axis": "y", "origin": [8, 5, 22] },
			"faces": {
				"north": { "uv": [12, 6, 14, 15], "texture": "#5" },
				"east": { "uv": [2, 0, 3, 9], "texture": "#4" },
				"south": { "uv": [2, 6, 4, 15], "texture": "#5" },
				"up": { "uv": [0, 0, 1, 2], "rotation": 90, "texture": "#4" }
			}
		},
		{
			"from": [12, 1, 0],
			"to": [14, 10, 2],
			"rotation": { "angle": 0, "axis": "y", "origin": [8, 5, 8] },
			"faces": {
				"north": { "uv": [2, 6, 4, 15], "texture": "#5" },
				"south": { "uv": [12, 6, 14, 15], "texture": "#5" },
				"west": { "uv": [2, 0, 3, 9], "texture": "#4" },
				"up": { "uv": [0, 1, 1, 3], "rotation": 90, "texture": "#4" }
			}
		},
		{
			"from": [4, 1, 0],
			"to": [12, 4, 2],
			"rotation": { "angle": 0, "axis": "y", "origin": [8, 5, 8] },
			"faces": {
				"north": { "uv": [4, 12, 12, 15], "texture": "#5" },
				"south": { "uv": [4, 12, 12, 15], "texture": "#5" },
				"up": { "uv": [2, 0, 3, 8], "rotation": 90, "texture": "#4" }
			}
		},
		{
			"from": [5, 5, 0],
			"to": [11, 10, 2],
			"rotation": { "angle": 0, "axis": "y", "origin": [8, 5, 8] },
			"faces": {
				"north": { "uv": [5, 6, 11, 11], "texture": "#5" },
				"east": { "uv": [2, 0, 3, 5], "texture": "#4" },
				"south": { "uv": [5, 6, 11, 11], "texture": "#5" },
				"west": { "uv": [2, 0, 3, 5], "texture": "#4" },
				"up": { "uv": [0, 3, 2, 9], "rotation": 90, "texture": "#4" },
				"down": { "uv": [0, 0, 1, 6], "rotation": 270, "texture": "#4" }
			}
		},
		{
			"from": [6, 4, 0],
			"to": [10, 5, 2],
			"rotation": { "angle": 0, "axis": "y", "origin": [8, 5, 8] },
			"faces": {
				"north": { "uv": [6, 11, 10, 12], "texture": "#5" },
				"east": { "uv": [0, 0, 1, 1], "texture": "#4" },
				"south": { "uv": [6, 11, 10, 12], "texture": "#1" },
				"west": { "uv": [0, 0, 1, 1], "texture": "#4" },
				"up": { "uv": [0, 0, 1, 4], "rotation": 90, "texture": "#missing" },
				"down": { "uv": [0, 0, 1, 4], "rotation": 270, "texture": "#missing" }
			}
		},
		{
			"from": [2, 1, 0],
			"to": [4, 10, 2],
			"rotation": { "angle": 0, "axis": "y", "origin": [8, 5, 8] },
			"faces": {
				"north": { "uv": [12, 6, 14, 15], "texture": "#5" },
				"east": { "uv": [2, 0, 3, 9], "texture": "#4" },
				"south": { "uv": [2, 6, 4, 15], "texture": "#5" },
				"up": { "uv": [0, 0, 1, 2], "rotation": 90, "texture": "#4" }
			}
		},
		{
			"from": [14, 1, 2],
			"to": [16, 10, 4],
			"rotation": { "angle": 0, "axis": "y", "origin": [14, 1, 1] },
			"faces": {
				"north": { "uv": [0, 0, 1, 9], "texture": "#missing" },
				"east": { "uv": [12, 6, 14, 15], "texture": "#5" },
				"south": { "uv": [2, 0, 3, 9], "texture": "#4" },
				"west": { "uv": [2, 6, 4, 15], "texture": "#5" },
				"up": { "uv": [0, 1, 1, 3], "texture": "#4" },
				"down": { "uv": [0, 0, 1, 3], "texture": "#missing" }
			}
		},
		{
			"from": [14, 1, 4],
			"to": [16, 4, 12],
			"rotation": { "angle": 0, "axis": "y", "origin": [14, 1, 4] },
			"faces": {
				"east": { "uv": [4, 12, 12, 15], "texture": "#5" },
				"west": { "uv": [4, 12, 12, 15], "texture": "#5" },
				"up": { "uv": [2, 0, 3, 8], "texture": "#4" }
			}
		},
		{
			"from": [14, 5, 5],
			"to": [16, 10, 11],
			"rotation": { "angle": 0, "axis": "y", "origin": [14, 7, 4] },
			"faces": {
				"north": { "uv": [2, 0, 3, 5], "texture": "#4" },
				"east": { "uv": [5, 6, 11, 11], "texture": "#5" },
				"south": { "uv": [2, 0, 3, 5], "texture": "#4" },
				"west": { "uv": [5, 6, 11, 11], "texture": "#5" },
				"up": { "uv": [0, 3, 2, 9], "texture": "#4" },
				"down": { "uv": [0, 0, 1, 6], "texture": "#4" }
			}
		},
		{
			"from": [14, 4, 6],
			"to": [16, 5, 10],
			"rotation": { "angle": 0, "axis": "y", "origin": [14, 6, 4] },
			"faces": {
				"north": { "uv": [0, 0, 1, 1], "texture": "#4" },
				"east": { "uv": [6, 11, 10, 12], "texture": "#5" },
				"south": { "uv": [0, 0, 1, 1], "texture": "#4" },
				"west": { "uv": [6, 11, 10, 12], "texture": "#5" }
			}
		},
		{
			"from": [14, 1, 12],
			"to": [16, 10, 14],
			"rotation": { "angle": 0, "axis": "y", "origin": [14, 1, 12] },
			"faces": {
				"north": { "uv": [2, 0, 3, 9], "texture": "#4" },
				"east": { "uv": [2, 6, 4, 15], "texture": "#5" },
				"south": { "uv": [0, 0, 1, 9], "texture": "#missing" },
				"west": { "uv": [12, 6, 14, 15], "texture": "#5" },
				"up": { "uv": [0, 0, 1, 2], "texture": "#4" },
				"down": { "uv": [0, 0, 1, 3], "texture": "#missing" }
			}
		},
		{
			"from": [0, 1, 2],
			"to": [2, 10, 4],
			"rotation": { "angle": 0, "axis": "y", "origin": [0, 1, 1] },
			"faces": {
				"north": { "uv": [0, 0, 1, 9], "texture": "#missing" },
				"east": { "uv": [12, 6, 14, 15], "texture": "#5" },
				"south": { "uv": [2, 0, 3, 9], "texture": "#4" },
				"west": { "uv": [2, 6, 4, 15], "texture": "#5" },
				"up": { "uv": [0, 1, 1, 3], "texture": "#4" },
				"down": { "uv": [0, 0, 1, 3], "texture": "#missing" }
			}
		},
		{
			"from": [0, 1, 4],
			"to": [2, 4, 12],
			"rotation": { "angle": 0, "axis": "y", "origin": [0, 1, 4] },
			"faces": {
				"east": { "uv": [4, 12, 12, 15], "texture": "#5" },
				"west": { "uv": [4, 12, 12, 15], "texture": "#5" },
				"up": { "uv": [2, 0, 3, 8], "texture": "#4" }
			}
		},
		{
			"from": [0, 5, 5],
			"to": [2, 10, 11],
			"rotation": { "angle": 0, "axis": "y", "origin": [0, 7, 4] },
			"faces": {
				"north": { "uv": [5, 6, 6, 11], "texture": "#5" },
				"east": { "uv": [5, 6, 11, 11], "texture": "#5" },
				"south": { "uv": [10, 6, 11, 11], "texture": "#5" },
				"west": { "uv": [5, 6, 11, 11], "texture": "#5" },
				"up": { "uv": [0, 3, 2, 9], "texture": "#4" },
				"down": { "uv": [5, 6, 6, 11], "texture": "#5" }
			}
		},
		{
			"from": [0, 4, 6],
			"to": [2, 5, 10],
			"rotation": { "angle": 0, "axis": "y", "origin": [0, 6, 4] },
			"faces": {
				"north": { "uv": [0, 0, 1, 1], "texture": "#4" },
				"east": { "uv": [6, 11, 10, 12], "texture": "#5" },
				"south": { "uv": [0, 0, 1, 1], "texture": "#4" },
				"west": { "uv": [6, 11, 10, 12], "texture": "#5" },
				"up": { "uv": [0, 0, 1, 4], "texture": "#missing" },
				"down": { "uv": [0, 0, 1, 4], "texture": "#missing" }
			}
		},
		{
			"from": [0, 1, 12],
			"to": [2, 10, 14],
			"rotation": { "angle": 0, "axis": "y", "origin": [0, 1, 12] },
			"faces": {
				"north": { "uv": [2, 0, 3, 9], "texture": "#4" },
				"east": { "uv": [2, 6, 4, 15], "texture": "#5" },
				"south": { "uv": [0, 0, 1, 9], "texture": "#missing" },
				"west": { "uv": [12, 6, 14, 15], "texture": "#5" },
				"up": { "uv": [0, 0, 1, 2], "texture": "#4" },
				"down": { "uv": [0, 0, 1, 3], "texture": "#missing" }
			}
		}
	],
	"groups": [
		0,
		{
			"name": "glass",
			"origin": [1, 11, 0],
			"color": 0,
			"children": [1, 2, 3, 4]
		},
		{
			"name": "top",
			"origin": [8, 16.5, 1],
			"color": 0,
			"children": [5, 6, 7, 8, 9, 10, 11]
		},
		12,
		{
			"name": "side_posts",
			"origin": [14, 10, 0],
			"color": 0,
			"children": [13, 14, 15, 16]
		},
		{
			"name": "sideFace",
			"origin": [-1, 1, 12],
			"color": 0,
			"children": [17, 18, 19, 20, 21]
		},
		{
			"name": "sideFace",
			"origin": [-1, 1, 12],
			"color": 0,
			"children": [22, 23, 24, 25, 26]
		},
		{
			"name": "sideFace",
			"origin": [-1, 1, 12],
			"color": 0,
			"children": [27, 28, 29, 30, 31]
		},
		{
			"name": "sideFace",
			"origin": [-1, 1, 12],
			"color": 0,
			"children": [32, 33, 34, 35, 36]
		}
	]
}
