{
  "parent": "minecraft:item/generated",
  "textures": {
    "layer0": "create:item/chocolate_glazed_berries"
  },
  "overrides": [
    {
      "predicate": {
        "eatinganimation:eating": 1.0,
        "eatinganimation:eat": 0.35
      },
      "model": "eatinganimation:item/cr_chocolate_glazed_berries_eating_0"
    },
    {
      "predicate": {
        "eatinganimation:eating": 1.0,
        "eatinganimation:eat": 0.7
      },
      "model": "eatinganimation:item/cr_chocolate_glazed_berries_eating_1"
    },
    {
      "predicate": {
        "eatinganimation:eating": 1.0,
        "eatinganimation:eat": 0.9
      },
      "model": "eatinganimation:item/cr_chocolate_glazed_berries_eating_2"
    }
  ]
}